{
  "name": "et_voicepack_soundbank",
  "filename": "et_voicepack_processed.bnk",
  "type": "Voice",
  "type": "Voice",
  	"volumeRTPCIds": [
		3202223829
	],
	"volumeShift": -0.5,
  "events": {
    "Play_et__chatter_martian__": 5674937,
    "et_stop_all": 24709085,
    "Play_et__pilot_hurt2__": 48423575,
    "Play_et__target_multi2__": 91070898,
    "Play_et__enemy_presence_more2__": 166427427,
    "Play_et__friendly_destroyed2__": 185829722,
    "Play_et__reserve__": 211283955,
    "Play_et__pilot_wakes__": 233765507,
    "Play_et__sprint3__": 234943896,
    "Play_et__sprint2__": 235090945,
    "Play_et__mech_down3__": 267865756,
    "Play_et__mech_down4__": 268410327,
    "Play_et__target_structure2__": 289564038,
    "Play_et__target_missed2__": 309694852,
    "Play_et__turret_destroyed__": 331771659,
    "Play_et__enemy_presence_more__": 351278355,
    "Play_et__pilot_inspired__": 366314238,
    "Play_et__sprint__": 404900049,
    "Play_et__sensor_lock_onthem__": 535775747,
    "Play_et__target_fire2__": 562877205,
    "Play_et__hit_internal4__": 586961060,
    "Play_et__chosen__": 673556763,
    "Play_et__enemy_kill_dark3__": 701440388,
    "Play_et__enemy_kill_dark2__": 701587501,
    "Play_et__enemy_vehicle_kill2__": 714340193,
    "Play_et__chatter_arid2__": 732637677,
    "Play_et__chatter2__": 760934958,
    "Play_et__sensor_lock_onus__": 770676965,
    "Play_et__hit_critical__": 791704556,
    "Play_et__pilot_hurt__": 813417455,
    "Play_et__acquired_object2__": 814613193,
    "Play_et__jump4__": 837905443,
    "Play_et__mech_powerup__": 865892871,
    "Play_et__hit_critical2__": 879967550,
    "Play_et__mech_limping__": 885202037,
    "Play_et__enemy_vehicle_kill__": 940218417,
    "Play_et__done3__": 947939924,
    "Play_et__pilot_ejecting2__": 1015158893,
    "Play_et__chatter_martian2__": 1092713049,
    "Play_et__target_melee2__": 1095627747,
    "Play_et__chatter_urban2__": 1106327293,
    "Play_et__pilot_hurt3__": 1122044078,
    "Play_et__warning_flank2__": 1122682626,
    "Play_et__hit_barely__": 1208077730,
    "Play_et__sensor_lock_onthem2__": 1225654483,
    "Play_et__friendly_destroyed__": 1246040928,
    "Play_et__target_missed__": 1298200898,
    "Play_et__chosen3__": 1316672018,
    "Play_et__chosen2__": 1316819131,
    "Play_et__chosen6__": 1317510687,
    "Play_et__chosen4__": 1317804849,
    "Play_et__mech_down2__": 1341780549,
    "Play_et__enemy_critical3__": 1371150912,
    "Play_et__enemy_critical__": 1417817161,
    "Play_et__chatter_arid__": 1429064213,
    "Play_et__chatter__": 1431446940,
    "Play_et__pilot_death__": 1446515130,
    "Play_et__pilot_inspired2__": 1545791256,
    "Play_et__pilot_hit__": 1586626563,
    "Play_et__done_dark2__": 1637731110,
    "Play_et__chatter_verdant__": 1712154141,
    "Play_et__building_destroyed__": 1802212053,
    "Play_et__turret_destroyed2__": 1811365355,
    "Play_et__overheat_warning__": 1817441096,
    "Play_et__jump3__": 1912511856,
    "Play_et__jump2__": 1912658841,
    "Play_et__pilot_wakes3__": 1921948458,
    "Play_et__pilot_wakes2__": 1922095699,
    "Play_et__pilot_death2__": 1956271404,
    "Play_et__pilot_ejecting__": 1957310869,
    "Play_et__ammo_gone_generic4__": 2145742627,
    "Play_et__target_alpha__": 2157298979,
    "Play_et__mech_limping2__": 2199679821,
    "Play_et__mech_powerup2__": 2248020095,
    "Play_et__chosen5__": 2391425480,
    "Play_et__target_alpha2__": 2411701491,
    "Play_et__enemy_critical4__": 2444079795,
    "Play_et__enemy_critical2__": 2445065513,
    "Play_et__acquired_object__": 2467504617,
    "Play_et__ammo_gone_generic__": 2518077049,
    "Play_et__hit_hard2__": 2523101354,
    "Play_et__chatter_jungle__": 2593696884,
    "Play_et__target_dfa__": 2609186512,
    "Play_et__enemy_presence_first__": 2663694042,
    "Play_et__retreat3__": 2710349885,
    "Play_et__retreat4__": 2710496934,
    "Play_et__done_dark3__": 2711645839,
    "Play_et__target_fire__": 2793102093,
    "Play_et__overheat_shutdown2__": 3005028724,
    "Play_et__move__": 3009505182,
    "Play_et__enemy_kill__": 3017527494,
    "Play_et__done_dark__": 3025258116,
    "Play_et__jump__": 3196910969,
    "Play_et__retreat__": 3197859474,
    "Play_et__weapon_lost__": 3215536698,
    "Play_et__ammo_gone_generic5__": 3219363322,
    "Play_et__ammo_gone_generic6__": 3219804469,
    "Play_et__ammo_gone_generic3__": 3220349040,
    "Play_et__ammo_gone_generic2__": 3220496025,
    "Play_et__chatter_frozen__": 3225908593,
    "Play_et__pilot_demoralized2__": 3229130202,
    "Play_et__chatter_verdant2__": 3275163813,
    "Play_et__weapon_lost_all__": 3301184062,
    "Play_et__hit_hard__": 3316062384,
    "Play_et__reserve2__": 3330909699,
    "Play_et__enemy_presence_first2__": 3400314828,
    "Play_et__warning_flank__": 3418861496,
    "Play_et__target_melee__": 3430985043,
    "Play_et__mech_up2__": 3439978288,
    "Play_et__sprint4__": 3455305035,
    "Play_et__overheat_warning2__": 3474596946,
    "Play_et__target_multi__": 3536812840,
    "Play_et__chatter_jungle2__": 3543675158,
    "Play_et__mech_down__": 3581716541,
    "Play_et__overheat_shutdown__": 3615642802,
    "Play_et__mech_up__": 3726425382,
    "Play_et__chatter_frozen2__": 3777433121,
    "Play_et__retreat2__": 3783867348,
    "Play_et__retreat5__": 3784411663,
    "Play_et__hit_internal2__": 3808454966,
    "Play_et__hit_internal3__": 3808602207,
    "Play_et__pilot_hit2__": 3811738323,
    "Play_et__target_dfa2__": 3814612170,
    "Play_et__done__": 3818822885,
    "Play_et__enemy_kill2__": 3916668240,
    "Play_et__hit_internal__": 3946599828,
    "Play_et__building_destroyed2__": 4029272365,
    "Play_et__weapon_lost2__": 4054875820,
    "Play_et__pilot_demoralized__": 4125785312,
    "Play_et__sensor_lock_onus2__": 4127230653,
    "Play_et__target_structure__": 4168950756,
    "Play_et__done2__": 4169389757,
    "Play_et__enemy_kill_dark__": 4191889365,
    "Play_et__hit_barely2__": 4245034084,
    "Play_et__weapon_lost_all2__": 4276854232,
    "Play_et__chatter_urban__": 4282867621,
    "Play_et__move4__": 4293666818,
    "Play_et__move2__": 4294652600,
    "Play_et__move3__": 4294799649
  }
}